73930,WLADIMIR AFONSO DA COSTA RABELO,WLADIMIR COSTA,PA,SD,16,328,3,16,33733,0.0107609758989713
132056,PAULO SALIM MALUF,PAULO MALUF,SP,PP,40.8,236,0,12,33733,0.00856134942044882
73926,JANETE MARIA GOES CAPIBERIBE,JANETE CAPIBERIBE,AP,PSB,52,339,5,16,33733,0.0122135594225239
73424,SIMAO SESSIM,SIMAO SESSIM,RJ,PP,52,265,7,16,33733,0.0100791509797528
74385,HIDEKAZU TAKAYAMA,TAKAYAMA,PR,PSC,52.8,219,3,16,33733,0.00862063854385913
178914,ADALBERTO CAVALCANTI RODRIGUES,ADALBERTO CAVALCANTI,PE,PMB,60,14,0,4,33733,0.0023122758130021
74399,ONYX DORNELLES LORENZONI,ONYX LORENZONI,RS,DEM,63.2,949,3,16,33733,0.030569472030356
178943,MARCOS BEZERRA RIBEIRO SOARES,MARCOS SOARES,RJ,PR,63.2,31,0,4,33733,0.00291109595944624
73584,ANTONIO CARLOS DE MENDES THAME,ANTONIO CARLOS MENDES THAME,SP,PSDB,66.1157024793388,2242,14,16,33733,0.069312415215941
74537,CLAUDIO CAJADO SAMPAIO,CLAUDIO CAJADO,BA,DEM,68.8,327,6,16,33733,0.0123854978804138
73808,SERGIO LUIS LACERDA BRITO,SERGIO BRITO,BA,PSD,71.2,167,2,12,33733,0.00747635846204014
160591,VINICIUS DE AZEVEDO GURGEL,VINICIUS GURGEL,AP,PR,72,31,0,8,33733,0.00329054634927223
178851,JOZIANE ARAUJO NASCIMENTO,JOZI ARAUJO,AP,PTB,72.8,55,0,4,33733,0.00390715323273945
160667,GUILHERME MUSSI FERREIRA,GUILHERME MUSSI,SP,PP,73.6,257,0,8,33733,0.0100376485933655
178991,SERGIO BAVINI,SERGIO REIS,SP,PRB,73.6,24,0,4,33733,0.00301188746924377
141401,CARLOS GOMES BEZERRA,CARLOS BEZERRA,MT,PMDB,73.6,790,4,12,33733,0.0260753564758545
141542,SERGIO IVAN MORAES,SERGIO MORAES,RS,PTB,73.6,61,1,12,33733,0.00437553730768091
178838,CARLOS CESAR CORREIA DE MESSIAS,CESAR MESSIAS,AC,PSB,74.4,9,0,4,33733,0.00259093469303056
178885,ANTONIO DA CRUZ FILGUEIRA JUNIOR,JUNIOR MARRECA,MA,PEN,74.4,52,0,4,33733,0.00386565084635224
160598,FLAVIA CARREIRO ALBUQUERQUE MORAIS,FLAVIA MORAIS,GO,PDT,74.4,671,0,8,33733,0.0223342127886639
74784,LUIZA ERUNDINA DE SOUSA,LUIZA ERUNDINA,SP,PSB,75.2,915,15,16,33733,0.0302730264133045
151208,LAERCIO JOSE DE OLIVEIRA,LAERCIO OLIVEIRA,SE,SD,76,919,3,12,33733,0.0299410073222067
143632,DOMINGOS GOMES DE AGUIAR NETO,DOMINGOS NETO,CE,PMB,76,263,0,8,33733,0.0102866629116889
178941,EZEQUIEL CORTAZ TEIXEIRA,EZEQUIEL TEIXEIRA,RJ,PMB,76.4227642276423,60,0,4,33733,0.0041627712989548
166402,MAGDA MOFATTO HON,MAGDA MOFATTO,GO,PR,76.8,47,0,8,33733,0.00390715323273945
141558,WALDIR MARANHAO CARDOSO,WALDIR MARANHAO,MA,PP,76.8,1917,1,12,33733,0.0594907064299054
74650,BONIFACIO JOSE TAMM DE ANDRADA,BONIFACIO DE ANDRADA,MG,PSDB,77.6,667,5,16,33733,0.0226958764414668
141389,ANTONIO PEDRO DE SIQUEIRA INDIO DA COSTA,INDIO DA COSTA,RJ,PSD,77.6,313,0,8,33733,0.0118163222956749
141483,LINDOMAR BARBOSA ALVES,LINDOMAR GARCON,RO,PMDB,77.6,148,0,12,33733,0.00704354786114487
160531,JOHNATHAN PEREIRA DE JESUS,JHONATAN DE JESUS,RR,PRB,77.6,102,0,8,33733,0.00556131977588711
178830,SINVAL MALHEIROS PINTO JUNIOR,DR. SINVAL MALHEIROS,SP,PMB,77.6,15,0,8,33733,0.00298224290753861
141434,FLAVIANO FLAVIO BAPTISTA DE MELO,FLAVIANO MELO,AC,PMDB,77.6,125,1,12,33733,0.00639136750363146
178867,JOSE MARIA MACEDO JUNIOR,MACEDO,CE,PMB,78.4,15,0,4,33733,0.00288738031008212
74177,MARINHA CELIA ROCHA RAUPP DE MATOS,MARINHA RAUPP,RO,PMDB,78.4,447,8,16,33733,0.0162867222008123
160601,MARCO ANTONIO FELICIANO,PR. MARCO FELICIANO,SP,PSC,78.4,344,0,8,33733,0.0127590193578988
74079,JOSE BENITO PRIANTE JUNIOR,JOSE PRIANTE,PA,PMDB,79.2,124,2,12,33733,0.00643879880235971
160558,PAULO ROBERTO FREIRE DA COSTA,PAULO FREIRE,SP,PR,79.2,109,0,8,33733,0.00581626300655145
178995,ANTONIO ROBERTO RODRIGUES GOES DA SILVA,ROBERTO GOES,AP,PDT,79.2,10,0,4,33733,0.00276287315092046
160600,ARTHUR DE OLIVEIRA MAIA DA SILVA,ARTHUR OLIVEIRA MAIA,BA,SD,79.2,438,1,8,33733,0.0155989683692527
141428,FABIO SALUSTINO MESQUITA DE FARIA,FABIO FARIA,RN,PSD,80,275,1,12,33733,0.0109091987074971
160669,GENECIAS MATEUS NORONHA,GENECIAS NORONHA,CE,SD,80,27,0,8,33733,0.00340912459609285
160654,RENZO DO AMARAL BRAZ,RENZO BRAZ,MG,PP,80,60,0,8,33733,0.00438739513236297
141485,LUIZ CARLOS GHIORZZI BUSATO,LUIZ CARLOS BUSATO,RS,PTB,80,171,1,12,33733,0.00782616429016097
178931,LUCIANO DUCCI,LUCIANO DUCCI,PR,PSB,80,80,0,4,33733,0.00486170811964545
74383,FERNANDO LUCIO GIACOBO,GIACOBO,PR,PR,80,261,3,16,33733,0.0106720422138559
178895,MISAEL ARTUR FERREIRA VARELLA,MISAEL VARELLA,MG,DEM,80,12,0,4,33733,0.0028458779236949
141527,RENATO DELMAR MOLLING,RENATO MOLLING,RS,PP,80,542,0,12,33733,0.0187946521210684
81232,IRAJA SILVESTRE FILHO,IRAJA ABREU,TO,PSD,80.8,127,0,8,33733,0.00639729641597249
178999,BRUNIELE FERREIRA GOMES,BRUNNY,MG,PMB,80.8,24,0,4,33733,0.00322532831352088
141478,LAERTE RODRIGUES DE BESSA,LAERTE BESSA,DF,PR,80.8,462,1,8,33733,0.0163578691489046
160676,FERNANDO DANTAS TORRES,FERNANDO TORRES,BA,PSD,81.1475409836066,42,0,8,33733,0.00388781137116789
74273,JEFFERSON ALVES DE CAMPOS,JEFFERSON CAMPOS,SP,PSD,81.6,299,3,16,33733,0.01184596685738
94931,LUCIO QUADROS VIEIRA LIMA,LUCIO VIEIRA LIMA,BA,PMDB,81.6,115,0,8,33733,0.00606527732487475
74075,ELCIONE THEREZINHA ZAHLUTH BARBALHO,ELCIONE BARBALHO,PA,PMDB,81.6,300,3,12,33733,0.0117570331722645
141472,JOSE RICARDO ALVARENGA TRIPOLI,RICARDO TRIPOLI,SP,PSDB,81.6,341,0,12,33733,0.0128835265170604
178839,JESSICA ROJAS SALES,JESSICA SALES,AC,PMDB,82.4,4,0,4,33733,0.00267986837814603
178961,SHERIDAN ESTERFANY OLIVEIRA DE ANCHIETA,SHERIDAN,RR,PSDB,82.4,65,0,4,33733,0.0044881866421605
160536,MARCO ANTONIO TEBALDI,MARCO TEBALDI,SC,PSDB,82.4,211,0,8,33733,0.00893487089793377
178902,JOSE ORCIRIO MIRANDA DOS SANTOS,ZECA DO PT,MS,PT,82.4,12,0,4,33733,0.00291702487178727
178852,MARCOS JOSE REATEGUI SOUZA,MARCOS REATEGUI,AP,PSC,82.4,44,0,4,33733,0.00386565084635224
160632,JOSE SILVA SOARES,ZE SILVA,MG,SD,82.4,245,0,8,33733,0.00994278599590905
73458,ALEX CANZIANI SILVEIRA,ALEX CANZIANI,PR,PTB,82.4,605,11,16,33733,0.0211780748821629
74554,JOSE ALVES ROCHA,JOSE ROCHA,BA,PR,82.4,663,5,16,33733,0.0227195920908309
73666,JOVAIR DE OLIVEIRA ARANTES,JOVAIR ARANTES,GO,PTB,82.4,1012,6,16,33733,0.0330951886876353
160613,SEBASTIAO SIBA MACHADO OLIVEIRA,SIBA MACHADO,AC,PT,82.4,371,0,8,33733,0.0136780007707586
160588,DIEGO LEONARDO DE ANDRADE CARVALHO,DIEGO ANDRADE,MG,PSD,83.2,193,0,8,33733,0.0084249844366051
74570,JUTAHY MAGALHAES JUNIOR,JUTAHY JUNIOR,BA,PSDB,83.2,375,3,16,33733,0.0141463848457001
74090,ATILA SIDNEY LINS ALBUQUERQUE,ATILA LINS,AM,PSD,83.2,551,4,16,33733,0.0193934722675125
74270,GILBERTO NASCIMENTO SILVA,GILBERTO NASCIMENTO,SP,PSC,83.2,116,2,8,33733,0.00620164230871847
160565,MARA CRISTINA GABRILLI,MARA GABRILLI,SP,PSDB,83.2,324,3,8,33733,0.0123973557050959
73486,DARCI POMPEO DE MATTOS,POMPEO DE MATTOS,RS,PDT,84,1012,6,12,33733,0.0330240417395429
73586,JULIO CESAR DELGADO,JULIO DELGADO,MG,PSB,84,729,8,16,33733,0.0248124981472149
159237,FRANCISCO DE ASSIS CARVALHO GONCALVES,ASSIS CARVALHO,PI,PT,84,256,0,8,33733,0.010316307473394
141413,DECIO NERY DE LIMA,DECIO LIMA,SC,PT,84,495,0,12,33733,0.0175199359677467
74558,GIVALDO DE SA GOUVEIA,GIVALDO CARIMBAO,AL,PROS,84,205,10,16,33733,0.00933803693712388
160576,CESAR HANNA HALUM,CESAR HALUM,TO,PRB,84,272,0,8,33733,0.0107906204606765
74376,VANDER LUIZ DOS SANTOS LOUBET,VANDER LOUBET,MS,PT,84,272,6,16,33733,0.0112056443245487
74535,BENITO DA GAMA SANTOS,BENITO GAMA,BA,PTB,84,60,3,4,33733,0.00447632881747843
74467,DAMIAO FELICIANO DA SILVA,DAMIAO FELICIANO,PB,PDT,84.8,219,1,16,33733,0.00950997539501378
74665,JAIME MARTINS FILHO,JAIME MARTINS,MG,PSD,84.8,919,7,16,33733,0.0304390359588533
160677,FRANCISCO FLORIANO DE SOUSA SILVA,FRANCISCO FLORIANO,RJ,PR,84.8,80,0,8,33733,0.00512258026265082
141421,EDUARDO HENRIQUE DA FONTE DE ALBUQUERQUE SILVA,EDUARDO DA FONTE,PE,PP,84.8,473,0,12,33733,0.0168914712595974
129618,MARIA GORETE PEREIRA,GORETE PEREIRA,CE,PR,84.8,966,6,16,33733,0.0318026857972905
74235,MARCUS ANTONIO VICENTE,MARCUS VICENTE,ES,PP,85.2459016393443,241,6,12,33733,0.0102050188728943
178875,ALEXANDRE BALDY DE SANT'ANNA BRAGA,ALEXANDRE BALDY,GO,PSDB,85.6,133,0,4,33733,0.00659887943556754
141518,PAULO PEREIRA DA SILVA,PAULO PEREIRA DA SILVA,SP,SD,85.6,206,1,12,33733,0.00902973349539027
178939,CLARISSA BARROS ASSED MATHEUS DE OLIVEIRA,CLARISSA GAROTINHO,RJ,PR,85.6,168,0,4,33733,0.00763643909524798
74140,JOSE CARLOS LEAO DE ARAUJO,JOSE CARLOS ARAUJO,BA,PSD,85.6,358,4,16,33733,0.0137432188065099
178896,NEWTON CARDOSO JUNIOR,NEWTON CARDOSO JR,MG,PMDB,85.6,64,0,4,33733,0.00455340467791184
92776,STEFANO AGUIAR DOS SANTOS,STEFANO AGUIAR,MG,PSB,85.6,65,1,8,33733,0.00473127204814277
67138,IRACEMA MARIA PORTELLA NUNES NOGUEIRA LIMA,IRACEMA PORTELLA,PI,PP,85.6,131,0,8,33733,0.00665816855897786
74553,JOSE CARLOS ALELUIA COSTA,JOSE CARLOS ALELUIA,BA,DEM,85.6,1061,4,12,33733,0.0344647674384134
74351,JOSUE BENGTSON,JOSUE BENGTSON,PA,PTB,85.6,208,3,12,33733,0.00914831174221089
141411,DAGOBERTO NOGUEIRA FILHO,DAGOBERTO,MS,PDT,85.6,124,2,8,33733,0.00650994575045208
141372,AELTON JOSE DE FREITAS,AELTON FREITAS,MG,PR,86.4,237,5,12,33733,0.0100910088044348
160620,WASHINGTON REIS DE OLIVEIRA,WASHINGTON REIS,RJ,PMDB,86.4,118,1,8,33733,0.00632614946788012
178946,SORAYA ALENCAR DOS SANTOS,SORAYA SANTOS,RJ,PMDB,86.4,73,0,4,33733,0.00484392138262236
74043,JOSE WELLINGTON ROBERTO,WELLINGTON ROBERTO,PB,PR,86.4,192,1,16,33733,0.00875700352770284
178938,BENEVENUTO DACIOLO FONSECA DOS SANTOS,CABO DACIOLO,RJ,S.PART.,86.4,82,0,4,33733,0.00511072243796875
64960,MARIA HELENA VERONESE RODRIGUES,MARIA HELENA,RR,PSB,86.4,303,1,12,33733,0.0119289716301544
160559,ALCEU MOREIRA DA SILVA,ALCEU MOREIRA,RS,PMDB,86.4,987,0,8,33733,0.0320576290279548
160589,BRUNA DIAS FURLAN,BRUNA FURLAN,SP,PSDB,86.4,137,0,8,33733,0.00685975157857291
74848,JANDIRA FEGHALI,JANDIRA FEGHALI,RJ,PCDOB,86.4,965,11,12,33733,0.0318501170960187
73714,Jose Reinaldo Carneiro Tavares,JOSE REINALDO,MA,PSB,86.4,5,0,4,33733,0.00282809118667181
74291,JOSE ARNON CRUZ BEZERRA DE MENEZES,ARNON BEZERRA,CE,PTB,87.2,101,4,16,33733,0.00617199774701331
160674,HUGO MOTTA WANDERLEY DA NOBREGA,HUGO MOTTA,PB,PMDB,87.2,174,1,8,33733,0.00800996057273293
163831,FERNANDO ANTONIO CECILIANO JORDAO,FERNANDO JORDAO,RJ,PMDB,87.2,150,0,8,33733,0.00726884653010405
178918,KAIO CESAR DE MOURA MANICOBA NOVAES FERRAZ,KAIO MANICOBA,PE,PHS,87.2,70,0,4,33733,0.00477870334687102
178866,LUIZIANNE DE OLIVEIRA LINS,LUIZIANNE LINS,CE,PT,87.2,34,0,4,33733,0.00371149912548543
160604,PEDRO FRANCISCO UCZAI,PEDRO UCZAI,SC,PT,87.2,451,0,8,33733,0.0161918596033558
178957,ABEL SALVADOR MESQUITA JUNIOR,ABEL MESQUITA JR.,RR,PMB,87.2,5,0,4,33733,0.00285180683603593
141458,JOAO CARLOS PAOLILO BACELAR FILHO,JOAO CARLOS BACELAR,BA,PR,87.2,149,0,12,33733,0.00735778021521952
178950,ANTONIO JACOME DE LIMA JUNIOR,ANTONIO JACOME,RN,PMN,87.2,61,1,4,33733,0.00454154685322977
160640,EROS FERREIRA BIONDINI,EROS BIONDINI,MG,PTB,87.2,93,0,8,33733,0.00557910651291021
160509,JORGINHO DOS SANTOS MELLO,JORGINHO MELLO,SC,PR,87.2,298,0,8,33733,0.011656241662467
162332,LUIZ HILOSHI NISHIMORI,LUIZ NISHIMORI,PR,PR,87.2,131,0,8,33733,0.0067055998577061
133373,MARCO AURELIO SPALL MAIA,MARCO MAIA,RS,PT,87.2,2006,6,16,33733,0.0627041769187442
160596,HEULER ABREU CRUVINEL,HEULER CRUVINEL,GO,PSD,88,185,0,8,33733,0.00833012183914861
74158,MARIO LUCIO HERINGER,MARIO HERINGER,MG,PDT,88,315,4,16,33733,0.0125396496012806
74356,SILAS CAMARA,SILAS CAMARA,AM,PSD,88,2748,3,16,33733,0.0846352236682181
178937,ALTINEU CORTES FREITAS COUTINHO,ALTINEU CORTES,RJ,PR,88,249,0,4,33733,0.0101087955414579
178919,MARINALDO ROSENDO DE ALBUQUERQUE,MARINALDO ROSENDO,PE,PSB,88,13,0,4,33733,0.00311267897904129
74693,RODRIGO FELINTO IBARRA EPITACIO MAIA,RODRIGO MAIA,RJ,DEM,88,784,4,16,33733,0.0264429490409984
166401,NILSON APARECIDO LEITAO,NILSON LEITAO,MT,PSDB,88,526,0,8,33733,0.0184389173806065
178903,ADILTON DOMINGOS SACHETTI,ADILTON SACHETTI,MT,PSB,88,16,0,4,33733,0.00320161266415676
178936,ALEXANDRE VALLE CARDOSO,ALEXANDRE VALLE,RJ,PMB,88,26,0,4,33733,0.00349805828120831
74445,JOAO CASTELO RIBEIRO GONCALVES,JOAO CASTELO,MA,PSDB,88,87,3,8,33733,0.00551388847715887
178889,JOSE CARLOS NUNES JUNIOR,ZE CARLOS,MA,PT,88,31,0,4,33733,0.00364628108973409
178907,FRANCISCO ALVES DE AGUIAR,FRANCISCO CHAPADINHA,PA,PSD,88,19,0,4,33733,0.00329054634927223
74574,PAULO SERGIO PARANHOS DE MAGALHAES,PAULO MAGALHAES,BA,PSD,88,746,1,16,33733,0.0252275220110871
178861,RONALDO CARLETTO,RONALDO CARLETTO,BA,PP,88,85,0,4,33733,0.00524708742181247
73437,PAULO ROBERTO GOMES MANSUR,BETO MANSUR,SP,PRB,88,231,3,12,33733,0.00990128360952183
74262,CARLOS HENRIQUE FOCESI SAMPAIO,CARLOS SAMPAIO,SP,PSDB,88,591,3,16,33733,0.0206919040701983
73535,JORGE TADEU MUDALEN,JORGE TADEU MUDALEN,SP,DEM,88,323,0,16,33733,0.0126582278481013
73805,ROBERTO JOAO PEREIRA FREIRE,ROBERTO FREIRE,SP,PPS,86.1386138613861,203,4,12,33733,0.00904570046723938
178911,SIMONE MARIA MORGADO FERREIRA,SIMONE MORGADO,PA,PMDB,88.8,66,0,4,33733,0.00470755639877864
160552,DANRLEI DE DEUS HINTERHOLZ,DANRLEI DE DEUS HINTERHOLZ,RS,PSD,88.8,80,0,8,33733,0.00524115850947144
141553,VANDERLEI MACRIS,VANDERLEI MACRIS,SP,PSDB,88.8,871,1,12,33733,0.028838229626775
178951,RAFAEL HUETE DA MOTTA,RAFAEL MOTTA,RN,PSB,88.8,45,0,4,33733,0.00408502060297039
178834,ADALBERTO SOUZA GALVAO,BEBETO,BA,PSB,88.8,48,0,8,33733,0.00429253253490647
178906,ROBERTO SALAME FILHO,BETO SALAME,PA,PROS,88.8,38,0,4,33733,0.0038775086710343
160642,FRANCISCO EURICO DA SILVA,PASTOR EURICO,PE,PSB,88.8,196,0,8,33733,0.00867992766726944
178887,RUBENS PEREIRA E SILVA JUNIOR,RUBENS PEREIRA JUNIOR,MA,PCDOB,88.8,108,0,4,33733,0.00595262799039516
178930,EVANDRO ROGERIO ROMAN,EVANDRO ROMAN,PR,PSD,88.8,72,0,4,33733,0.00488542376900958
160570,JERONIMO PIZZOLOTTO GOERGEN,JERONIMO GOERGEN,RS,PP,88.8,720,1,8,33733,0.0242433225624759
178954,LUCIO ANTONIO MOSQUINI,LUCIO MOSQUINI,RO,PMDB,88.8,58,0,4,33733,0.0044703999051374
178845,RONALDO AUGUSTO LESSA SANTOS,RONALDO LESSA,AL,PDT,88.8,25,0,4,33733,0.00349212936886728
93472,CRISTIANE BRASIL FRANCISCO,CRISTIANE BRASIL,RJ,PTB,88.8,152,0,4,33733,0.00725698870542199
167722,MARCOS ROGERIO DA SILVA BRITO,MARCOS ROGERIO,RO,PDT,88.8,553,0,8,33733,0.0192630361960098
74398,MARIA DO ROSARIO NUNES,MARIA DO ROSARIO,RS,PT,88.8,483,7,16,33733,0.0176325853022263
160512,AUREO LIDIO MOREIRA RIBEIRO,AUREO,RJ,SD,88.8,315,0,8,33733,0.0122076305101829
74395,JOSE OTAVIO GERMANO,JOSE OTAVIO GERMANO,RS,PP,88.8,243,1,16,33733,0.0103400231227581
152610,BENEDITO ROBERTO ALVES FERREIRA,ROBERTO ALVES,SP,PRB,88.8,124,3,8,33733,0.00663445290961373
178973,ANA LUCIA LIPPAUS PERUGINI,ANA PERUGINI,SP,PT,88.8,36,0,4,33733,0.00381821954762399
160543,ANDRE LUIS DANTAS FERREIRA,ANDRE MOURA,SE,PSC,88.8,625,2,8,33733,0.0214567337621913
178966,GEOVANIA DE SA RODRIGUES,GEOVANIA DE SA,SC,PSDB,88.8,77,0,4,33733,0.00503364657753535
97707,HERACLITO DE SOUSA FORTES,HERACLITO FORTES,PI,PSB,88.8,45,0,4,33733,0.00408502060297039
160569,WALDENOR ALVES PEREIRA FILHO,WALDENOR PEREIRA,BA,PT,88.8,275,1,8,33733,0.0110514926036819
160646,FERNANDO DESTITO FRANCISCHINI,FERNANDO FRANCISCHINI,PR,SD,84.3373493975904,428,0,8,33733,0.0154251726617138
160582,JOSE ALBERTO OLIVEIRA VELOSO FILHO,ALBERTO FILHO,MA,PMDB,86.8686868686869,88,0,8,33733,0.00542106207181949
178897,RODRIGO OTAVIO SOARES PACHECO,RODRIGO PACHECO,MG,PMDB,89.6,45,0,4,33733,0.00410873625233451
137070,VICENTE ALVES DE OLIVEIRA JUNIOR,VICENTINHO JUNIOR,TO,PSB,89.6,39,0,4,33733,0.00393086888210358
178862,ERONILDES VASCONCELOS CARVALHO,TIA ERON,BA,PRB,89.6,83,0,4,33733,0.00523522959713041
171623,FABIO DE ALMEIDA REIS,FABIO REIS,SE,PMDB,89.6,33,0,8,33733,0.00387157975869327
112437,JOAO MARCELO SANTOS SOUZA,JOAO MARCELO SOUZA,MA,PMDB,89.6,18,0,4,33733,0.00330833308629532
178857,JORGE JOSE SANTOS PEREIRA SOLLA,JORGE SOLLA,BA,PT,89.6,145,0,4,33733,0.00707319242285003
178877,FABIO FERNANDES DE SOUSA,FABIO SOUSA,GO,PSDB,89.6,95,0,4,33733,0.00559096433759227
160672,JEAN WYLLYS DE MATOS SANTOS,JEAN WYLLYS,RJ,PSOL,89.6,454,0,8,33733,0.0163519402365636
178944,ROBERTO DA SILVA SALES,ROBERTO SALES,RJ,PRB,89.6,52,0,4,33733,0.0043162481842706
178926,RODRIGO RODRIGUES DE SOUZA MARTINS,RODRIGO MARTINS,PI,PSB,89.6,88,0,4,33733,0.00538345240565618
141513,OLAVO BILAC PINTO NETO,BILAC PINTO,MG,PR,89.6,206,1,12,33733,0.00914831174221089
178846,ALFREDO PEREIRA DO NASCIMENTO,ALFREDO NASCIMENTO,AM,PR,89.6,50,0,4,33733,0.00425695906086029
178853,LUIZ CARLOS CAETANO,CAETANO,BA,PT,89.6,21,0,4,33733,0.00339726677141078
141408,CLEBER VERDE CORDEIRO MENDES,CLEBER VERDE,MA,PRB,89.6,584,5,12,33733,0.0204725343135802
141482,LEONARDO LEMOS BARROS QUINTAO,LEONARDO QUINTAO,MG,PMDB,89.6,322,0,12,33733,0.0125574363383037
74388,JORGE CATARINO LEONARDELI BOEIRA,JORGE BOEIRA,SC,PP,84.8101265822785,98,2,16,33733,0.00595292818848838
160660,MARCELO THEODORO DE AGUIAR,MARCELO AGUIAR,SP,DEM,89.8305084745763,86,0,8,33733,0.00544957485176463
74172,WANDERLEY ALVES DE OLIVEIRA,DELEY,RJ,PTB,90.1639344262295,165,6,16,33733,0.00821640335654195
129037,GABRIEL GUIMARAES DE ANDRADE,GABRIEL GUIMARAES,MG,PT,90.4,147,0,8,33733,0.00727477544244508
99654,ERIVELTON LIMA SANTANA,ERIVELTON SANTANA,BA,PSC,90.4,56,0,8,33733,0.00457712032727596
160592,JOSE CARLOS BECKER DE OLIVEIRA E SILVA,ZECA DIRCEU,PR,PT,90.4,95,0,8,33733,0.00573325823377701
141454,JACOB ALFREDO STOFFELS KAEFER,ALFREDO KAEFER,PR,PSDB,90.4,715,0,12,33733,0.0242314647377939
141490,MANOEL ALVES DA SILVA JUNIOR,MANOEL JUNIOR,PB,PMDB,90.4,985,2,12,33733,0.0322947855215961
160527,AGUINALDO VELLOSO BORGES RIBEIRO,AGUINALDO RIBEIRO,PB,PP,90.4,147,0,8,33733,0.00727477544244508
74749,MAURO RIBEIRO LOPES,MAURO LOPES,MG,PMDB,90.4,270,3,16,33733,0.0112471467109359
74366,JOAO CAMPOS DE ARAUJO,JOAO CAMPOS,GO,PSDB,90.4,1219,4,16,33733,0.0394094803308333
178959,HIRAN MANUEL GONCALVES DA SILVA,HIRAN GONCALVES,RR,PMB,90.4,47,0,4,33733,0.00419174102510894
160510,LUIS HENRIQUE DE OLIVEIRA RESENDE,LUIS TIBE,MG,PTDOB,90.4,70,0,8,33733,0.00499214419114813
178982,LUIZ LAURO FERREIRA FILHO,LUIZ LAURO FILHO,SP,PSB,90.4,89,0,4,33733,0.00543681261672546
141383,ANTONIO CARLOS MARTINS DE BULHOES,ANTONIO BULHOES,SP,PRB,90.4,282,1,12,33733,0.0114250140811668
160530,ANTONIO JOSE IMBASSAHY DA SILVA,ANTONIO IMBASSAHY,BA,PSDB,90.4,443,3,8,33733,0.0161384993922865
73553,NELSON MARQUEZELLI,NELSON MARQUEZELLI,SP,PTB,90.4,756,9,16,33733,0.0258322710698722
74017,PAULO FERNANDO FEIJO TORRES,PAULO FEIJO,RJ,PR,90.4,153,4,12,33733,0.00768979930631726
72912,CELSO PANSERA,CELSO PANSERA,RJ,PMDB,88.2978723404255,69,0,4,33733,0.00478160472950599
160532,ADRIANO ELI CORREA,ELI CORREA FILHO,SP,DEM,91.2,212,0,8,33733,0.0092253876026443
178989,RENATA HELLMEISTER DE ABREU,RENATA ABREU,SP,PTN,91.2,57,0,4,33733,0.00451190229152462
4930,SILVIO SERAFIM COSTA,SILVIO COSTA,PE,PTDOB,91.2,339,0,12,33733,0.0131088251860196
178994,DULCE FERREIRA PAGANI MIRANDA,DULCE MIRANDA,TO,PMDB,91.2,20,1,4,33733,0.00344469807013903
178960,REMIDIO MONAI MONTESSI,REMIDIO MONAI,RR,PR,91.2,19,0,4,33733,0.00338540894672872
105112,LUIZ GIONILSON PINHEIRO BORGES,CABUCU BORGES,AP,PMDB,91.2,36,0,4,33733,0.00388936649571636
178913,VENEZIANO VITAL DO REGO SEGUNDO NETO,VENEZIANO VITAL DO REGO,PB,PMDB,91.2,284,0,4,33733,0.0112412177985948
160551,ANDERSON FERREIRA RODRIGUES,ANDERSON FERREIRA,PE,PR,91.2,64,0,8,33733,0.00483799247028133
73891,DARCISIO PAULO PERONDI,DARCISIO PERONDI,RS,PMDB,91.2,846,5,16,33733,0.0284054190258797
160572,JORGE WICKS CORTE REAL,JORGE CORTE REAL,PE,PTB,91.2,174,0,8,33733,0.0080988942578484
178868,LUIZ ODORICO MONTEIRO DE ANDRADE,ODORICO MONTEIRO,CE,PT,91.2,128,0,4,33733,0.00661666617259064
160602,ARNALDO JORDY FIGUEIREDO,ARNALDO JORDY,PA,PPS,91.2,757,0,8,33733,0.0253816737319539
74040,BENJAMIN GOMES MARANHAO NETO,BENJAMIN MARANHAO,PB,SD,91.2,341,2,12,33733,0.0132274034328402
141422,EFRAIM DE ARAUJO MORAIS FILHO,EFRAIM FILHO,PB,DEM,91.2,847,2,12,33733,0.0282275516556488
146788,MARCELO GUILHERME DE ARO FERREIRA,MARCELO ARO,MG,PHS,91.2,85,0,4,33733,0.00534195001926896
150418,MARCIO CARLOS MARINHO,MARCIO MARINHO,BA,PRB,91.2,243,1,12,33733,0.0102925918240299
73463,OSMAR JOSE SERRAGLIO,OSMAR SERRAGLIO,PR,PMDB,91.2,1560,6,16,33733,0.0496012806450657
160515,RONALDO JOSE BENEDET,RONALDO BENEDET,SC,PMDB,91.2,129,2,8,33733,0.00682417810452672
160655,RICARDO IZAR JUNIOR,RICARDO IZAR,SP,PSD,91.2,403,2,8,33733,0.0149467880117392
141536,ROMULO JOSE DE GOUVEIA,ROMULO GOUVEIA,PB,PSD,91.2,991,1,8,33733,0.0323481457326653
178945,ROSANGELA DE SOUZA GOMES,ROSANGELA GOMES,RJ,PRB,91.2,109,1,4,33733,0.00608306406189784
141384,ANTONIO CARLOS VALADARES FILHO,VALADARES FILHO,SE,PSB,91.2,213,1,12,33733,0.00940325497287523
181316,ELIZEU DIONIZIO SOUZA  DA SILVA,ELIZEU DIONIZIO,MS,PSDB,91.6666666666667,153,0,4,33733,0.00737161434401526
92699,FERNANDO MONTEIRO DE ALBUQUERQUE,FERNANDO MONTEIRO,PE,PP,91.869918699187,94,0,4,33733,0.00562861052083085
62881,FRANCISCO DANILO BASTOS FORTE,DANILO FORTE,CE,PSB,92,197,1,8,33733,0.00883407938813625
144523,DANIEL ELIAS CARVALHO VILELA,DANIEL VILELA,GO,PMDB,92,151,0,4,33733,0.00732220674117333
141515,OTAVIO SANTOS SILVA LEITE,OTAVIO LEITE,RJ,PSDB,92,961,3,12,33733,0.0316603919011057
160619,JOSE NUNES SOARES,JOSE NUNES,BA,PSD,92,139,0,8,33733,0.00708505024753209
74400,PAULO ROBERTO SEVERO PIMENTA,PAULO PIMENTA,RS,PT,92,542,7,16,33733,0.019476477040287
178854,ELMAR JOSE VIEIRA NASCIMENTO,ELMAR NASCIMENTO,BA,DEM,92,27,0,4,33733,0.00364628108973409
178969,FABIO CRUZ MITIDIERI,FABIO MITIDIERI,SE,PSD,92,109,0,4,33733,0.00607713514955681
178872,GIVALDO VIEIRA DA SILVA,GIVALDO VIEIRA,ES,PT,92,48,0,4,33733,0.00426881688554235
178956,MARIANA FONSECA RIBEIRO CARVALHO DE MORAES,MARIANA CARVALHO,RO,PSDB,92,91,0,4,33733,0.00554353303886402
178892,DAMINA DE CARVALHO PEREIRA,DAMINA PEREIRA,MG,PMB,92,45,0,4,33733,0.00417988320042688
141555,VINICIUS RAPOZO DE CARVALHO,VINICIUS CARVALHO,SP,PRB,92,323,0,8,33733,0.0125396496012806
178835,AFONSO ANTUNES DA MOTTA,AFONSO MOTTA,RS,PDT,92,53,0,8,33733,0.00453561794088874
74457,MORONI BING TORGAN,MORONI TORGAN,CE,DEM,92,323,3,8,33733,0.0126285832863961
74095,PAUDERNEY TOMAZ AVELINO,PAUDERNEY AVELINO,AM,DEM,92,801,5,12,33733,0.0269765511516912
133439,ANDRE PEIXOTO FIGUEIREDO LIMA,ANDRE FIGUEIREDO,CE,PDT,90.4255319148936,917,10,12,33733,0.0305168687017133
160571,JOAO RODRIGUES,JOAO RODRIGUES,SC,PSD,92.8,88,0,8,33733,0.0055968932499333
160659,IOLANDA KEIKO MIASHIRO OTA,KEIKO OTA,SP,PSB,92.8,172,2,8,33733,0.00814632555657665
178964,HEITOR JOSE SCHUCH,HEITOR SCHUCH,RS,PSB,92.8,50,0,4,33733,0.00435182165831678
160556,JOAO CARLOS SIQUEIRA,PADRE JOAO,MG,PT,92.8,288,0,8,33733,0.0115258055909643
141398,CARLOS ALBERTO ROLIM ZARATTINI,CARLOS ZARATTINI,SP,PT,92.8,457,1,12,33733,0.0166839593276613
74374,GERALDO RESENDE PEREIRA,GERALDO RESENDE,MS,PMDB,92.8,954,6,16,33733,0.0316841075504699
141562,WELINGTON COIMBRA,LELO COIMBRA,ES,PMDB,92.8,484,0,12,33733,0.0174547179319954
74359,NILTON BALBINO,NILTON CAPIXABA,RO,PTB,92.8,91,2,12,33733,0.0058636943052797
164359,WALDIR SOARES DE OLIVEIRA,DELEGADO WALDIR,GO,PSDB,92.8,114,0,8,33733,0.00636765185426734
178828,EVANDRO HERRERA BERTONE GUSSI,EVANDRO GUSSI,SP,PV,92.8,83,0,4,33733,0.0053300921945869
74419,LUIZ GONZAGA PATRIOTA,GONZAGA PATRIOTA,PE,PSB,92.8,1151,13,16,33733,0.0377315981383215
141450,HUGO LEAL MELO DA SILVA,HUGO LEAL,RJ,PROS,92.8,1182,4,12,33733,0.0382652002490143
131943,Jarbas de Andrade Vasconcelos,JARBAS VASCONCELOS,PE,PMDB,92.8,12,0,4,33733,0.00322532831352088
73674,ROBERTO EGIDIO BALESTRA,ROBERTO BALESTRA,GO,PP,92.8,183,0,16,33733,0.00865028310556428
93083,CARLOS FELIPE VAZQUEZ DE SOUZA LEAO,CACA LEAO,BA,PP,92.8,24,0,4,33733,0.00358106305398275
178841,JOSE CICERO SOARES DE ALMEIDA,CICERO ALMEIDA,AL,PSD,92.8,36,0,4,33733,0.00393679779444461
74060,DANIEL GOMES DE ALMEIDA,DANIEL ALMEIDA,BA,PCDOB,92.8,649,9,16,33733,0.022731449915513
178842,JOAO HENRIQUE HOLANDA  CALDAS,JHC,AL,PSB,92.8,152,0,4,33733,0.00737556695224261
67312,JULIA MARIA GODINHO DA CRUZ MARINHO,JULIA MARINHO,PA,PSC,92.8,65,0,4,33733,0.00479649008389411
178988,JOAO PAULO TAVARES PAPA,JOAO PAULO PAPA,SP,PSDB,92.8,62,0,4,33733,0.00470755639877864
74688,LUIZ SERGIO NOBREGA DE OLIVEIRA,LUIZ SERGIO,RJ,PT,92.8,275,7,16,33733,0.0115850947143746
73466,RUBENS BUENO,RUBENS BUENO,PR,PPS,92.8,1487,11,8,33733,0.0473957252542021
74010,VALDIR COLATTO,VALDIR COLATTO,SC,PMDB,92.8,838,2,16,33733,0.0281267601458512
178949,ZENAIDE MAIA CALADO PEREIRA DOS SANTOS,ZENAIDE MAIA,RN,PR,92.8,24,1,4,33733,0.0036107076156879
160541,ARTHUR CESAR PEREIRA DE LIRA,ARTHUR LIRA,AL,PP,93.6,91,2,8,33733,0.0057688317078232
160622,VICENTE CANDIDO DA SILVA,VICENTE CANDIDO,SP,PT,93.6,392,1,8,33733,0.0146622002193698
160508,AFONSO BANDEIRA FLORENCE,AFONSO FLORENCE,BA,PT,93.6,314,0,8,33733,0.0123202798446625
178904,EZEQUIEL ANGELO FONSECA,EZEQUIEL FONSECA,MT,PP,93.6,30,0,4,33733,0.0037826460735778
160663,LEOPOLDO COSTA MEYER,LEOPOLDO MEYER,PR,PSB,93.6,94,0,8,33733,0.00579847626952835
178856,JOAO GUALBERTO VASCONCELOS,JOAO GUALBERTO,BA,PSDB,93.6,75,0,4,33733,0.00511665135030979
160573,JOAO JOSE DE ARRUDA JUNIOR,JOAO ARRUDA,PR,PMDB,93.6,137,1,8,33733,0.00710283698455518
179000,MARCELO HENRIQUE TEIXEIRA DIAS,MARCELO ALVARO ANTONIO,MG,PMB,93.6,15,0,4,33733,0.00333797764800047
178992,VITOR LIPPI,VITOR LIPPI,SP,PSDB,93.6,54,0,4,33733,0.00449411555450153
160611,ANTONIO PINHEIRO JUNIOR,TONINHO PINHEIRO,MG,PP,93.6,70,1,8,33733,0.00511665135030979
178847,ARTHUR VIRGILIO DO CARMO RIBEIRO BISNETO,ARTHUR VIRGILIO BISNETO,AM,PSDB,93.6,220,0,4,33733,0.00941511279755729
178953,EXPEDITO GONCALVES FERREIRA NETTO,EXPEDITO NETTO,RO,SD,93.6,30,0,4,33733,0.0037826460735778
178976,BRUNO COVAS LOPES,BRUNO COVAS,SP,PSDB,93.6,177,0,4,33733,0.00814039664423562
178844,PEDRO TORRES BRANDAO VILELA,PEDRO VILELA,AL,PSDB,93.6,19,0,4,33733,0.00345655589482109
178940,JOAO FERREIRA NETO,DR. JOAO,RJ,PR,93.6,51,0,4,33733,0.00440518186938606
178858,MARIO SILVIO MENDES NEGROMONTE JUNIOR,MARIO NEGROMONTE JR.,BA,PP,93.6,49,0,4,33733,0.00434589274597575
178827,MAX FREITAS MAURO FILHO,MAX FILHO,ES,PSDB,93.6,77,0,8,33733,0.00529451872054072
74319,JOSE FRANCISCO PAES LANDIM,PAES LANDIM,PI,PTB,93.6,1820,11,16,33733,0.0575282364450242
178869,VITOR PEREIRA VALIM,VITOR VALIM,CE,PMDB,93.6,96,0,4,33733,0.00573918714611804
178881,ALUISIO GUIMARAES MENDES FILHO,ALUISIO MENDES,MA,PMB,93.6,91,0,4,33733,0.00559096433759227
73441,CELSO UBIRAJARA RUSSOMANNO,CELSO RUSSOMANNO,SP,PRB,93.6,1036,12,12,33733,0.034197966383067
141430,FELIPE LEONE BORNIER DE OLIVEIRA,FELIPE BORNIER,RJ,PSD,93.6,265,2,12,33733,0.0110455636913408
160535,DIONILSO MATEUS MARCON,MARCON,RS,PT,93.6,178,0,8,33733,0.00828861945276139
160561,JOSE OLIMPIO SILVEIRA MORAES,MISSIONARIO JOSE OLIMPIO,SP,PP,93.6,71,0,8,33733,0.00511665135030979
69871,JOAO CARLOS BACELAR BATISTA,BACELAR,BA,PTN,94.4,98,0,4,33733,0.00582219191889248
178915,HEBERTE LAMARCK GOMES DA SILVA,BETINHO GOMES,PE,PSDB,94.4,132,0,4,33733,0.00683010701686776
74253,JULIO LUIZ BAPTISTA LOPES,JULIO LOPES,RJ,PP,94.4,420,5,12,33733,0.0157531200901195
178880,MARCOS ABRAO RORIZ SOARES DE CARVALHO,MARCOS ABRAO,GO,PPS,94.4,35,0,4,33733,0.0039545845314677
74371,RUBENS OTONI GOMIDE,RUBENS OTONI,GO,PT,94.4,221,6,16,33733,0.0100020751193194
160628,LUCIANA BARBOSA DE OLIVEIRA SANTOS,LUCIANA SANTOS,PE,PCDOB,94.4,252,3,8,33733,0.0105949663534225
178972,ALEX SPINELLI MANENTE,ALEX MANENTE,SP,PPS,94.4,155,1,4,33733,0.00754157649779148
178958,CARLOS AUGUSTO ANDRADE SILVA,CARLOS ANDRADE,RR,PHS,94.4,29,0,4,33733,0.00377671716123677
178971,JONY MARCOS DE SOUZA ARAUJO,JONY MARCOS,SE,PRB,94.4,13,0,4,33733,0.00330240417395429
178825,LEONARDO CUNHA DE BRITO,LEO DE BRITO,AC,PT,94.4,71,0,4,33733,0.00502178875285329
73778,LUIZ CARLOS JORGE HAULY,LUIZ CARLOS HAULY,PR,PSDB,94.4,2442,11,16,33733,0.0759908694749948
141516,PAULO ABI-ACKEL,PAULO ABI-ACKEL,MG,PSDB,94.4,274,1,12,33733,0.0113064358343462
178888,CARLOS VICTOR GUTERRES MENDES,VICTOR MENDES,MA,PMB,94.4,46,0,4,33733,0.00428067471022441
74439,WOLNEY QUEIROZ MACIEL,WOLNEY QUEIROZ,PE,PDT,94.4,151,1,12,33733,0.0076601547446121
178831,ANDRE DOS SANTOS ABDON,ANDRE ABDON,AP,PRB,94.4,11,0,4,33733,0.00324311505054398
178891,CAIO NARCIO RODRIGUES DA SILVEIRA,CAIO NARCIO,MG,PSDB,94.4,48,0,4,33733,0.00433996383363472
74651,CARLOS DO CARMO ANDRADE MELLES,CARLOS MELLES,MG,DEM,94.4,198,2,16,33733,0.00920167195328017
178871,EVAIR VIEIRA DE MELO,EVAIR DE MELO,ES,PV,94.4,81,0,4,33733,0.00531823436990484
178878,GIUSEPPE VECCI,GIUSEPPE VECCI,GO,PSDB,94.4,54,0,4,33733,0.00451783120386565
159238,MARCUS VINICIUS CAETANO PESTANA DA SILVA,MARCUS PESTANA,MG,PSDB,94.4,212,1,8,33733,0.00934989476180595
160630,SAGUAS MORAES SOUSA,SAGUAS MORAES,MT,PT,94.4,124,0,8,33733,0.00671152877004714
178836,ALAN RICK MIRANDA,ALAN RICK,AC,PRB,94.4,130,0,4,33733,0.00677081789345745
160511,ALESSANDRO LUCCIOLA MOLON,ALESSANDRO MOLON,RJ,REDE,94.4,488,2,8,33733,0.0175614383541339
178863,ULDURICO ALENCAR PINTO,ULDURICO JUNIOR,BA,PTC,94.4,43,0,4,33733,0.00419174102510894
74460,MARCELO COSTA E CASTRO,MARCELO CASTRO,PI,PMDB,93.6170212765958,161,4,16,33733,0.00814090123251996
73568,CELSO ALENCAR RAMOS JACOB,CELSO JACOB,RJ,PMDB,94.6902654867257,156,0,8,33733,0.00766875953774422
181315,MARCOS DA ROCHA MENDES,MARQUINHO MENDES,RJ,PMDB,95,5,0,4,33733,0.00308303441733614
74277,ANTONIO ADOLPHO LOBBE NETO,LOBBE NETO,SP,PSDB,95.0413223140496,545,8,12,33733,0.0195666357072911
160599,DIMAS FABIANO TOLEDO JUNIOR,DIMAS FABIANO,MG,PP,95.2,58,0,8,33733,0.00477870334687102
178981,HERCULANO CASTILHO PASSOS JUNIOR,HERCULANO PASSOS,SP,PSD,95.2,101,0,4,33733,0.00593484125337207
141487,LUIZ FERNANDO RAMOS FARIA,LUIZ FERNANDO FARIA,MG,PP,95.2,92,1,12,33733,0.00593484125337207
141507,MAURO MARIANI,MAURO MARIANI,SC,PMDB,95.2,123,2,12,33733,0.00688346722793703
141488,LUIZ PAULO TEIXEIRA FERREIRA,PAULO TEIXEIRA,SP,PT,95.2,555,2,12,33733,0.0196899178845641
141531,RODRIGO BATISTA DE CASTRO,RODRIGO DE CASTRO,MG,PSDB,95.2,97,0,12,33733,0.00605341950019269
178948,CARLOS ALBERTO DE SOUSA ROSADO SEGUNDO,BETO ROSADO,RN,PP,95.2,40,0,4,33733,0.0041265229893576
74378,ASSIS MIGUEL DO COUTO,ASSIS DO COUTO,PR,PMB,95.2,292,5,16,33733,0.0121009100880443
178955,LUIZ CLAUDIO PEREIRA ALVES,LUIZ CLAUDIO,RO,PR,95.2,42,0,4,33733,0.00418581211276791
141529,ROBERTO PEREIRA DE BRITTO,ROBERTO BRITTO,BA,PP,95.2,316,0,12,33733,0.0125455785136217
178900,CARLOS EDUARDO XAVIER MARUN,CARLOS MARUN,MS,PMDB,95.2,74,0,4,33733,0.00513443808733288
118594,MARCELO SQUASSONI,MARCELO SQUASSONI,SP,PRB,95.2,26,0,4,33733,0.00371149912548543
178922,FRANCISCO TADEU BARBOSA DE ALENCAR,TADEU ALENCAR,PE,PSB,95.2,49,0,4,33733,0.004393324044704
178883,ELIZIANE PEREIRA GAMA FERREIRA,ELIZIANE GAMA,MA,REDE,95.2,161,0,4,33733,0.00771351495568138
160673,GIOVANI CHERINI,GIOVANI CHERINI,RS,PDT,95.2,321,0,8,33733,0.0125752230753268
178910,JOAQUIM PASSARINHO PINTO DE SOUZA PORTO,JOAQUIM PASSARINHO,PA,PSD,95.2,72,0,4,33733,0.00507514896392257
141500,MARCOS MONTES CORDEIRO,MARCOS MONTES,MG,PSD,95.2,392,1,12,33733,0.0148282097649186
178998,TANIA RAQUEL DE QUEIROZ MUNIZ,RAQUEL MUNIZ,MG,PSC,95.2,63,0,4,33733,0.00480834790857617
178934,ANTONIO WANDSCHEER,TONINHO WANDSCHEER,PR,PMB,95.2,21,0,4,33733,0.00356327631695965
74057,ALICE MAZZUCO PORTUGAL,ALICE PORTUGAL,BA,PCDOB,95.2,982,7,16,33733,0.0326149467880117
178876,CELIO ANTONIO DA SILVEIRA,CELIO SILVEIRA,GO,PSDB,95.2,41,0,4,33733,0.00415616755106276
178909,HELIO LEITE DA SILVA,HELIO LEITE,PA,DEM,95.2,68,0,4,33733,0.00495657071710195
141503,MARIA DO SOCORRO JO MORAES,JO MORAES,MG,PCDOB,95.2,406,4,12,33733,0.0153321673139063
76287,MARCELO VIVIANI GONCALVES,MARCELO MATOS,RJ,PDT,95.2,136,0,8,33733,0.00709097915987312
178901,TEREZA CRISTINA CORREA DA COSTA DIAS,TEREZA CRISTINA,MS,PSB,95.2,93,0,4,33733,0.00569768475973083
74156,JOSE LEONARDO COSTA MONTEIRO,LEONARDO MONTEIRO,MG,PT,95.2,289,3,16,33733,0.0119526872795186
160633,LUIZ HENRIQUE MANDETTA,MANDETTA,MS,DEM,95.2,303,2,8,33733,0.0121009100880443
74449,PEDRO FERNANDES RIBEIRO,PEDRO FERNANDES,MA,PTB,95.2,326,5,16,33733,0.0131088251860196
160639,MARIA AUXILIADORA SEABRA REZENDE,PROFESSORA DORINHA SEABRA REZENDE,TO,DEM,95.2,476,2,8,33733,0.0172294192630362
160641,MARCIVANIA DO SOCORRO DA ROCHA FLEXA,PROFESSORA MARCIVANIA,AP,PT,95.2,20,0,8,33733,0.00365221000207512
167493,WEVERTON ROCHA MARQUES DE SOUSA,WEVERTON ROCHA,MA,PDT,93.9024390243902,163,1,8,33733,0.0078825612612098
187008,SILAS FREIRE PEREIRA E SILVA,SILAS FREIRE,PI,PR,95.4545454545455,58,0,4,33733,0.00466767098848443
178864,JOSE ADAIL CARNEIRO SILVA,ADAIL CARNEIRO,CE,PHS,95.5357142857143,57,0,4,33733,0.0046404326412034
73793,EDSON BEZ DE OLIVEIRA,EDINHO BEZ,SC,PMDB,95.8677685950413,611,4,16,33733,0.0215476764176042
74474,CARLOS EDUARDO CINTRA DA COSTA PEREIRA,CARLOS EDUARDO CADOCA,PE,PCDOB,95.9349593495935,285,6,16,33733,0.0119448302656032
74216,RAIMUNDO GOMES DE MATOS,RAIMUNDO GOMES DE MATOS,CE,PSDB,96,642,3,16,33733,0.0224409332108025
4931,IZALCI LUCAS FERREIRA,IZALCI,DF,PSDB,96,1182,2,12,33733,0.0383007737230605
74161,REGINALDO LAZARO DE OLIVEIRA LOPES,REGINALDO LOPES,MG,PT,96,463,5,16,33733,0.01719384578899
178837,RAIMUNDO ANGELIM VASCONCELOS,ANGELIM,AC,PT,96,34,0,4,33733,0.0039723712684908
160567,NELSON MARCHEZAN JUNIOR,NELSON MARCHEZAN JUNIOR,RS,PSDB,96,566,2,8,33733,0.0199211454658643
171617,PAULO FERNANDO DOS SANTOS,PAULAO,AL,PT,96,70,0,8,33733,0.005158153736697
141535,ROGERIO SIMONETTI MARINHO,ROGERIO MARINHO,RN,PSDB,96,262,1,12,33733,0.0109981323926126
73931,JOSE GERALDO TORRES DA SILVA,ZE GERALDO,PA,PT,96,254,3,16,33733,0.0109388432692023
178882,ANDRE LUIS CARVALHO RIBEIRO,ANDRE FUFUCA,MA,PEN,96,107,0,4,33733,0.00613642427296712
141427,FABIO AUGUSTO RAMALHO DOS SANTOS,FABIO RAMALHO,MG,PMB,96,305,0,12,33733,0.0122432039842291
178917,JOAO FERNANDO PONTUAL COUTINHO,JOAO FERNANDO COUTINHO,PE,PSB,96,43,0,4,33733,0.00423917232383719
178840,WHERLES FERNANDES DA ROCHA,ROCHA,AC,PSDB,96,73,0,4,33733,0.00512850917499185
178927,ALIEL MACHADO BARK,ALIEL MACHADO,PR,REDE,96,34,0,4,33733,0.0039723712684908
178873,HELDER IGNACIO SALOMAO,HELDER SALOMAO,ES,PT,96,83,0,4,33733,0.0054249547920434
178997,MOSES HAENDEL MELO RODRIGUES,MOSES RODRIGUES,CE,PPS,96,142,0,4,33733,0.00717398393264756
74762,JOSE SARAIVA FELIPE,SARAIVA FELIPE,MG,PMDB,96,141,3,16,33733,0.00758900779651973
73655,AUGUSTO SILVEIRA DE CARVALHO,AUGUSTO CARVALHO,DF,SD,96,210,1,12,33733,0.00945661518394451
178865,FLAVIO ALVES SABINO,CABO SABINO,CE,PR,96,167,0,4,33733,0.00791509797527644
74655,EDUARDO LUIZ BARROS BARBOSA,EDUARDO BARBOSA,MG,PSDB,96,981,10,16,33733,0.0326979515607862
178965,JOAO DERLY DE OLIVEIRA NUNES JUNIOR,JOAO DERLY,RS,REDE,96,102,0,4,33733,0.00598820146444135
141464,JOSE AIRTON FELIX CIRILO DA SILVA,JOSE AIRTON CIRILO,CE,PT,96,167,1,12,33733,0.00818189903062283
160651,ROGERIO MENDONCA,ROGERIO PENINHA MENDONCA,SC,PMDB,96,228,1,8,33733,0.00987163904781668
160426,ROGERIO SCHUMANN ROSSO,ROGERIO ROSSO,DF,PSD,96,331,0,8,33733,0.0128953843417425
113247,VALMIR PRASCIDELLI,VALMIR PRASCIDELLI,SP,PT,96,62,0,4,33733,0.00480241899623514
178833,ALEXANDRE AUGUSTUS SERFIOTIS,ALEXANDRE SERFIOTIS,RJ,PSD,96.6666666666667,32,0,4,33733,0.00393284518621726
178905,FABIO PAULINO GARCIA,FABIO GARCIA,MT,PSB,96.8,49,0,4,33733,0.00444075534343225
74847,JAIR MESSIAS BOLSONARO,JAIR BOLSONARO,RJ,PP,96.8,610,4,16,33733,0.0215456674473068
132504,ENIO JOSE VERRI,ENIO VERRI,PR,PT,96.8,66,0,4,33733,0.00494471289241989
66828,FAUSTO RUY PINATO,FAUSTO PINATO,SP,PRB,96.8,120,0,4,33733,0.00654551922449827
141429,FELIPE CATALAO MAIA,FELIPE MAIA,RN,DEM,96.8,396,0,12,33733,0.0149645747487623
171619,MARIA MARGARIDA MARTINS SALOMAO,MARGARIDA SALOMAO,MG,PT,96.8,142,1,8,33733,0.00734592239053746
177282,LUIZ GONZAGA RIBEIRO,SUBTENENTE GONZAGA,MG,PDT,96.8,178,0,8,33733,0.00838348205021789
73579,JOAO ALBERTO FRAGA SILVA,ALBERTO FRAGA,DF,DEM,96.8,985,10,12,33733,0.0327216672101503
178963,LUIS ANTONIO FRANCISCATTO COVATTI,COVATTI FILHO,RS,PP,96.8,121,0,4,33733,0.00657516378620342
73768,DILCEU JOAO SPERAFICO,DILCEU SPERAFICO,PR,PP,96.8,257,2,16,33733,0.0110218480419767
73482,HENRIQUE FONTANA JUNIOR,HENRIQUE FONTANA,RS,PT,96.8,261,5,16,33733,0.0112293599739128
74275,JOSE MENTOR GUILHERME DE MELLO NETTO,JOSE MENTOR,SP,PT,96.8,238,1,16,33733,0.0104289568078736
141480,LAZARO BOTELHO MARTINS,LAZARO BOTELHO,TO,PP,96.8,100,0,12,33733,0.0061897844840364
164360,CARMEN EMILIA BONFA ZANOTTO,CARMEN ZANOTTO,SC,PPS,96.8,507,3,8,33733,0.0182254765363294
160758,DOMINGOS SAVIO CAMPOS RESENDE,DOMINGOS SAVIO,MG,PSDB,96.8,263,3,8,33733,0.0109922034802715
114941,JOSINIANE BRAGA NUNES,JOSI NUNES,TO,PMDB,96.8,26,0,4,33733,0.00375893042421368
178886,JOSE JUSCELINO DOS SANTOS REZENDE FILHO,JUSCELINO FILHO,MA,PMB,96.8,59,0,4,33733,0.0047372009604838
178860,PAULO VELLOSO DANTAS AZI,PAULO AZI,BA,DEM,96.8,74,0,4,33733,0.00518186938606113
160517,PAULO ROBERTO FOLETTO,PAULO FOLETTO,ES,PSB,96.8,183,1,8,33733,0.00856134942044882
178874,ANTONIO SERGIO ALVES VIDIGAL,SERGIO VIDIGAL,ES,PDT,96.8,161,0,4,33733,0.00776094625440963
178962,ANTONIO CARLOS GOMES DA SILVA,CARLOS GOMES,RS,PRB,96.8,34,0,4,33733,0.00399608691785492
160666,FELIX DE ALMEIDA MENDONCA JUNIOR,FELIX MENDONCA JUNIOR,BA,PDT,96.8,476,1,8,33733,0.0172472060000593
178884,HILDO AUGUSTO DA ROCHA NETO,HILDO ROCHA,MA,PMDB,96.8,231,0,4,33733,0.00983606557377049
191945,JOSE AUGUSTO NALIN,ZE AUGUSTO NALIN,RJ,PMDB,88.8888888888889,4,0,4,33733,0.00287222864521059
146829,FABIANO TAQUES HORTA,FABIANO HORTA,RJ,PT,92.6829268292683,6,0,4,33733,0.00304399036045618
74308,VICENTE FERREIRA DE ARRUDA COELHO,VICENTE ARRUDA,CE,PROS,94.6428571428571,428,0,16,33733,0.0159678314156125
189593,WADIH NEMER DAMOUS FILHO,WADIH DAMOUS,RJ,PT,96.4285714285714,30,0,4,33733,0.00386649783382953
160643,JORGE SILVA,DR. JORGE SILVA,ES,PROS,97.6,305,0,8,33733,0.0121720570361367
74352,NILSON PINTO DE OLIVEIRA,NILSON PINTO,PA,PSDB,97.6,181,7,16,33733,0.00894079981027481
74459,ATILA FREITAS LIRA,ATILA LIRA,PI,PSB,97.6,492,6,16,33733,0.0181306139388729
92346,EDUARDO NANTES BOLSONARO,EDUARDO BOLSONARO,SP,PSC,97.6,93,1,4,33733,0.00579847626952835
74317,JULIO CESAR DE CARVALHO LIMA,JULIO CESAR,PI,PSD,97.6,525,4,16,33733,0.0190495953517327
178894,LAUDIVIO ALVARENGA CARVALHO,LAUDIVIO CARVALHO,MG,PMDB,97.6,112,0,4,33733,0.00633207838022115
73483,LUIS CARLOS HEINZE,LUIS CARLOS HEINZE,RS,PP,97.6,962,5,16,33733,0.0320339133785907
178826,SERGIO OLIMPIO GOMES,MAJOR OLIMPIO,SP,PMB,97.6,168,0,4,33733,0.00799217383570984
74787,MILTON ANTONIO CASQUEL MONTI,MILTON MONTI,SP,PR,97.6,715,5,16,33733,0.0247117066374174
178968,ADELSON BARRETO DOS SANTOS,ADELSON BARRETO,SE,PTB,97.6,6,0,4,33733,0.0031897548394747
73433,ARLINDO CHIGNALIA JUNIOR,ARLINDO CHINAGLIA,SP,PT,97.6,751,8,16,33733,0.0258678445439184
73434,ARNALDO FARIA DE SA,ARNALDO FARIA DE SA,SP,PTB,97.6,3492,19,16,33733,0.107449678356505
141440,FRANCISCO LOPES DA SILVA,CHICO LOPES,CE,PCDOB,97.6,717,2,12,33733,0.0245634838288916
178929,DIEGO ALEXSANDER GONCALO PAULA GARCIA,DIEGO GARCIA,PR,PHS,97.6,135,1,4,33733,0.00704354786114487
178977,EDUARDO PEDROSA CURY,EDUARDO CURY,SP,PSDB,97.6,36,0,4,33733,0.00407909169062935
141470,JOSE NOBRE GUIMARAES,JOSE GUIMARAES,CE,PT,97.6,396,0,12,33733,0.0149882903981265
141484,LUCIO DUTRA VALE,LUCIO VALE,PA,PR,97.6,102,0,12,33733,0.00627278925681084
74812,PEDRO PINHEIRO CHAVES,PEDRO CHAVES,GO,PMDB,97.6,245,3,16,33733,0.0107194735125841
160621,SANDRO ALEX CRUZ DE OLIVEIRA,SANDRO ALEX,PR,PPS,97.6,329,1,8,33733,0.0129131710787656
160653,ROBERTO ALVES DE LUCENA,ROBERTO DE LUCENA,SP,PV,80,416,1,8,33733,0.0149705036611034
192120,ANGELA ALBINO,ANGELA ALBINO,SC,PCDOB,90.4761904761905,8,0,4,33733,0.00303786175188067
101309,DAVIDSON DE MAGALHAES SANTOS,DAVIDSON MAGALHAES,BA,PCDOB,98.3471074380165,76,0,4,33733,0.00528702183138222
133374,ADEMIR CAMILO PRATES RODRIGUES,ADEMIR CAMILO,MG,PROS,98.3870967741936,478,1,16,33733,0.0175907004053655
178974,ANDRES NAVARRO SANCHEZ,ANDRES SANCHEZ,SP,PT,98.4,31,0,4,33733,0.0039545845314677
178832,LEANDRE DAL PONTE,LEANDRE,PR,PV,98.4,75,0,4,33733,0.00525894524649453
74299,JOSE LEONIDAS DE MENEZES CRISTINO,LEONIDAS CRISTINO,CE,PROS,98.4,81,1,8,33733,0.00558503542525124
178987,ORLANDO SILVA DE JESUS JUNIOR,ORLANDO SILVA,SP,PCDOB,98.4,99,0,4,33733,0.00597041472741826
141552,VALTENIR LUIZ PEREIRA,VALTENIR PEREIRA,MT,PMB,98.4,741,3,12,33733,0.0253283135208846
160545,ALEXANDRE LEITE DA SILVA,ALEXANDRE LEITE,SP,DEM,98.4,701,0,8,33733,0.0239350191207423
160553,ANTONIO LUIZ PARANHOS RIBEIRO LEITE DE BRITO,ANTONIO BRITO,BA,PTB,98.4,126,0,8,33733,0.00688939614027807
160538,ELVINO JOSE BOHN GASS,BOHN GASS,RS,PT,98.4,150,0,8,33733,0.00760086562120179
134812,EDMILSON BRITO RODRIGUES,EDMILSON RODRIGUES,PA,PSOL,98.4,174,0,4,33733,0.00819375685530489
178970,JOAO SOMARIVA DANIEL,JOAO DANIEL,SE,PT,98.4,150,0,4,33733,0.00748228737438117
178932,MARCELO BELINATI MARTINS,MARCELO BELINATI,PR,PP,98.4,881,0,4,33733,0.0291524619808496
178829,JOSE AUGUSTO ROSA,CAPITAO AUGUSTO,SP,PR,98.4,159,0,4,33733,0.00774908842972757
160575,ERIKA JUCA KOKAY,ERIKA KOKAY,DF,PT,98.4,1049,1,8,33733,0.0342809711558415
160649,ESPERIDIAO AMIN HELOU FILHO,ESPERIDIAO AMIN,SC,PP,98.4,423,1,8,33733,0.0157234755284143
73781,NELSON MEURER,NELSON MEURER,PR,PP,98.4,190,5,16,33733,0.00917202739157501
160637,RONALDO FONSECA DE SOUZA,RONALDO FONSECA,DF,PROS,98.4,319,1,8,33733,0.0126404411110782
74283,VICENTE PAULO DA SILVA,VICENTINHO,SP,PT,98.4,824,8,16,33733,0.0280556131977589
178952,WALTER PEREIRA ALVES,WALTER ALVES,RN,PMDB,98.4,33,0,4,33733,0.00401387365487801
178923,JOSE CAVALCANTI ALVES JUNIOR,ZECA CAVALCANTI,PE,PTB,98.4,16,0,4,33733,0.00350991610589037
141385,ANTONIO DUARTE NOGUEIRA JUNIOR,DUARTE NOGUEIRA,SP,PSDB,83.3333333333333,686,0,12,33733,0.0231622842122946
74856,MARIA LAURA MONTEZA DE SOUZA CARNEIRO,LAURA CARNEIRO,RJ,PMDB,95.4545454545455,656,9,8,33733,0.0227804981903343
160631,WALNEY DA ROCHA CARVALHO,WALNEY ROCHA,RJ,PTB,99.1304347826087,108,0,8,33733,0.00637744744856991
178912,PEDRO OLIVEIRA CUNHA LIMA,PEDRO CUNHA LIMA,PB,PSDB,99.1452991452991,75,0,4,33733,0.00528103931299615
178975,LUIZ FELIPE BALEIA TENUTO ROSSI,BALEIA ROSSI,SP,PMDB,99.2,43,0,4,33733,0.00433403492129369
141335,JOSE ROBERTO OLIVEIRA FARO,BETO FARO,PA,PT,99.2,300,0,16,33733,0.0123084220199804
141405,CELSO MALDANER,CELSO MALDANER,SC,PMDB,99.2,308,2,12,33733,0.0124862893902114
178928,CHRISTIANE DE SOUZA YARED,CHRISTIANE DE SOUZA YARED,PR,PTN,99.2,43,0,4,33733,0.00433403492129369
178908,EDER MAURO CARDOSO BARRA,DELEGADO EDER MAURO,PA,PSD,99.2,38,0,4,33733,0.00418581211276791
141417,EDIO VIEIRA LOPES,EDIO LOPES,RR,PMDB,99.2,252,0,12,33733,0.0107669048113124
178849,HISSA NAGIB ABRAHAO FILHO,HISSA ABRAHAO,AM,PPS,99.2,254,0,4,33733,0.0105890374410814
178879,LUCAS DE CASTRO SANTOS,LUCAS VERGILIO,GO,SD,99.2,129,0,4,33733,0.00688346722793703
74041,LUIZ ALBUQUERQUE COUTO,LUIZ COUTO,PB,PT,99.2,1877,3,16,33733,0.0591468295141256
74862,MIRO TEIXEIRA,MIRO TEIXEIRA,RJ,REDE,99.2,647,7,16,33733,0.0228025968636054
178986,NILTO IGNACIO TATTO,NILTO TATTO,SP,PT,99.2,104,0,4,33733,0.00614235318530815
178870,RONEY TANIOS NEMER,RONEY NEMER,DF,PMDB,99.2,85,0,4,33733,0.00557910651291021
178890,ADELMO CARNEIRO LEAO,ADELMO CARNEIRO LEAO,MG,PT,99.2,60,1,4,33733,0.00486763703198648
136811,JOSE ALFONSO EBERT HAMM,AFONSO HAMM,RS,PP,99.2,276,1,16,33733,0.0116265971007619
74171,FRANCISCO RODRIGUES DE ALENCAR FILHO,CHICO ALENCAR,RJ,PSOL,99.2,1233,6,16,33733,0.0401446654611212
178916,DANIEL PIRES COELHO,DANIEL COELHO,PE,PSDB,99.2,80,0,4,33733,0.00543088370438443
178980,ANTONIO GOULART DOS REIS,GOULART,SP,PSD,99.2,151,1,4,33733,0.0075652921471556
73531,IVAN VALENTE,IVAN VALENTE,SP,PSOL,99.2,1345,9,16,33733,0.043553790057214
178859,MOEMA ISABEL PASSOS GRAMACHO,MOEMA GRAMACHO,BA,PT,99.2,94,2,4,33733,0.00590519669166691
74752,ODELMO LEAO CARNEIRO SOBRINHO,ODELMO LEAO,MG,PP,99.2,163,10,8,33733,0.00830640618978448
73560,SILVIO FRANCA TORRES,SILVIO TORRES,SP,PSDB,99.2,324,4,16,33733,0.0131384697477248
160610,VALMIR CARLOS DA ASSUNCAO,VALMIR ASSUNCAO,BA,PT,99.2,183,0,8,33733,0.00860285180683604
160636,JOSE WILSON SANTIAGO FILHO,WILSON FILHO,PB,PTB,99.2,1022,0,8,33733,0.0334746390774612
178993,CARLOS HENRIQUE AMORIM,CARLOS HENRIQUE GAGUIM,TO,PMB,100,167,0,4,33733,0.00803367622209706
74163,CARLOS HUMBERTO MANNATO,CARLOS MANATO,ES,SD,100,326,4,16,33733,0.0132214745204992
178848,MARIA DA CONCEICAO SAMPAIO MOURA,CONCEICAO SAMPAIO,AM,PP,100,93,1,4,33733,0.00586962321762073
178893,EDSON MOREIRA DA SILVA,DELEGADO EDSON MOREIRA,MG,PTN,100,75,0,4,33733,0.00530637654522278
178978,FLAVIO AUGUSTO DA SILVA,FLAVINHO,SP,PSB,100,64,0,4,33733,0.00498028636646607
152605,GLAUBER DE MEDEIROS BRAGA,GLAUBER BRAGA,RJ,PSOL,100,347,0,12,33733,0.0136068538226662
73772,HERMES PARCIANELLO,HERMES PARCIANELLO,PR,PMDB,100,2702,1,16,33733,0.0835680194468325
160607,JOSE LUIZ STEDILE,JOSE STEDILE,RS,PSB,100,190,1,8,33733,0.0088637239498414
74585,LINCOLN DINIZ PORTELA,LINCOLN PORTELA,MG,PR,100,1053,5,16,33733,0.0348027154418522
178983,MARCIO LUIZ ALVINO DE SOUZA,MARCIO ALVINO,SP,PR,100,26,0,4,33733,0.00385379302167017
178850,MARCOS SERGIO ROTTA,MARCOS ROTTA,AM,PMDB,100,49,0,4,33733,0.00453561794088874
178984,MIGUEL MOUBADDA HADDAD,MIGUEL HADDAD,SP,PSDB,100,52,0,4,33733,0.00462455162600421
178985,MIGUEL LOMBARDI,MIGUEL LOMBARDI,SP,PR,100,11,1,4,33733,0.003438769157798
148134,VICTORIO GALLI FILHO,PROFESSOR VICTORIO GALLI,MT,PSC,100,165,0,12,33733,0.00821154359232799
122466,RONALDO MANCHADO MARTINS,RONALDO MARTINS,CE,PRB,100,69,0,4,33733,0.00512850917499185
1